-- ============================================================================
-- Seed 002: Development Data
-- ⚠ Development environment only — never runs in non-dev environments.
--
-- Password for teachers/admin: "EduConnect@2026"
-- Development PIN for all parents: "1234"
-- (Actual working hashes are written by 004_fix_* and 005_fix_* seeds.)
--
-- Fully idempotent — re-running this file is a no-op because every INSERT
-- uses ON CONFLICT DO NOTHING on the primary key.
-- ============================================================================

BEGIN;

-- ─── SCHOOL ───────────────────────────────────
INSERT INTO schools (id, name, code, address, contact_phone, contact_email)
VALUES (
    'a1b2c3d4-0001-4000-8000-000000000001',
    'Sunrise International School',
    'SRIS-CHN',
    '42 Anna Nagar, Chennai, Tamil Nadu 600040',
    '+919876543210',
    'admin@sunriseschool.edu.in'
)
ON CONFLICT (id) DO NOTHING;

-- ─── ADMIN ────────────────────────────────────
INSERT INTO users (id, school_id, phone, name, role, password_hash)
VALUES (
    'b1b2c3d4-0001-4000-8000-000000000001',
    'a1b2c3d4-0001-4000-8000-000000000001',
    '9000000001',
    'Rajesh Kumar',
    'Admin',
    '$2a$12$LJ3m4ys7CQbMgOYFm5UMAO5eRvNPZ5vHQxdGBqH1x1zZt1TdGfJSa'
)
ON CONFLICT (id) DO NOTHING;

-- ─── TEACHERS ─────────────────────────────────
INSERT INTO users (id, school_id, phone, name, role, password_hash)
VALUES
  ('b1b2c3d4-0002-4000-8000-000000000001', 'a1b2c3d4-0001-4000-8000-000000000001', '9000000002', 'Priya Sharma',     'Teacher', '$2a$12$LJ3m4ys7CQbMgOYFm5UMAO5eRvNPZ5vHQxdGBqH1x1zZt1TdGfJSa'),
  ('b1b2c3d4-0003-4000-8000-000000000001', 'a1b2c3d4-0001-4000-8000-000000000001', '9000000003', 'Anand Venkatesh',  'Teacher', '$2a$12$LJ3m4ys7CQbMgOYFm5UMAO5eRvNPZ5vHQxdGBqH1x1zZt1TdGfJSa')
ON CONFLICT (id) DO NOTHING;

-- ─── PARENTS ──────────────────────────────────
INSERT INTO users (id, school_id, phone, name, role, pin_hash)
VALUES
  ('b1b2c3d4-0010-4000-8000-000000000001', 'a1b2c3d4-0001-4000-8000-000000000001', '9100000001', 'Meena Devi',       'Parent', '$2a$12$LJ3m4ys7CQbMgOYFm5UMAO5eRvNPZ5vHQxdGBqH1x1zZt1TdGfJSa'),
  ('b1b2c3d4-0011-4000-8000-000000000001', 'a1b2c3d4-0001-4000-8000-000000000001', '9100000002', 'Suresh Babu',      'Parent', '$2a$12$LJ3m4ys7CQbMgOYFm5UMAO5eRvNPZ5vHQxdGBqH1x1zZt1TdGfJSa'),
  ('b1b2c3d4-0012-4000-8000-000000000001', 'a1b2c3d4-0001-4000-8000-000000000001', '9100000003', 'Lakshmi Narayan',  'Parent', '$2a$12$LJ3m4ys7CQbMgOYFm5UMAO5eRvNPZ5vHQxdGBqH1x1zZt1TdGfJSa'),
  ('b1b2c3d4-0013-4000-8000-000000000001', 'a1b2c3d4-0001-4000-8000-000000000001', '9100000004', 'Karthik Rajan',    'Parent', '$2a$12$LJ3m4ys7CQbMgOYFm5UMAO5eRvNPZ5vHQxdGBqH1x1zZt1TdGfJSa'),
  ('b1b2c3d4-0014-4000-8000-000000000001', 'a1b2c3d4-0001-4000-8000-000000000001', '9100000005', 'Deepa Sundar',     'Parent', '$2a$12$LJ3m4ys7CQbMgOYFm5UMAO5eRvNPZ5vHQxdGBqH1x1zZt1TdGfJSa')
ON CONFLICT (id) DO NOTHING;

-- ─── CLASSES ──────────────────────────────────
INSERT INTO classes (id, school_id, name, section, academic_year)
VALUES
  ('c1c2c3d4-0001-4000-8000-000000000001', 'a1b2c3d4-0001-4000-8000-000000000001', '5', 'A', '2026-27'),
  ('c1c2c3d4-0002-4000-8000-000000000001', 'a1b2c3d4-0001-4000-8000-000000000001', '5', 'B', '2026-27'),
  ('c1c2c3d4-0003-4000-8000-000000000001', 'a1b2c3d4-0001-4000-8000-000000000001', '6', 'A', '2026-27')
ON CONFLICT (id) DO NOTHING;

-- ─── TEACHER ↔ CLASS ASSIGNMENTS ──────────────
INSERT INTO teacher_class_assignments (id, school_id, teacher_id, class_id, subject)
VALUES
  ('d1d2d3d4-0001-4000-8000-000000000001', 'a1b2c3d4-0001-4000-8000-000000000001', 'b1b2c3d4-0002-4000-8000-000000000001', 'c1c2c3d4-0001-4000-8000-000000000001', 'Mathematics'),
  ('d1d2d3d4-0002-4000-8000-000000000001', 'a1b2c3d4-0001-4000-8000-000000000001', 'b1b2c3d4-0002-4000-8000-000000000001', 'c1c2c3d4-0002-4000-8000-000000000001', 'English'),
  ('d1d2d3d4-0003-4000-8000-000000000001', 'a1b2c3d4-0001-4000-8000-000000000001', 'b1b2c3d4-0003-4000-8000-000000000001', 'c1c2c3d4-0001-4000-8000-000000000001', 'Science'),
  ('d1d2d3d4-0004-4000-8000-000000000001', 'a1b2c3d4-0001-4000-8000-000000000001', 'b1b2c3d4-0003-4000-8000-000000000001', 'c1c2c3d4-0003-4000-8000-000000000001', 'Mathematics')
ON CONFLICT (id) DO NOTHING;

-- ─── STUDENTS ─────────────────────────────────
INSERT INTO students (id, school_id, class_id, roll_number, name)
VALUES
  ('e1e2e3e4-0001-4000-8000-000000000001', 'a1b2c3d4-0001-4000-8000-000000000001', 'c1c2c3d4-0001-4000-8000-000000000001', '5A-001', 'Arjun Meena'),
  ('e1e2e3e4-0002-4000-8000-000000000001', 'a1b2c3d4-0001-4000-8000-000000000001', 'c1c2c3d4-0001-4000-8000-000000000001', '5A-002', 'Kavitha Suresh'),
  ('e1e2e3e4-0003-4000-8000-000000000001', 'a1b2c3d4-0001-4000-8000-000000000001', 'c1c2c3d4-0001-4000-8000-000000000001', '5A-003', 'Ravi Lakshmi'),
  ('e1e2e3e4-0004-4000-8000-000000000001', 'a1b2c3d4-0001-4000-8000-000000000001', 'c1c2c3d4-0001-4000-8000-000000000001', '5A-004', 'Divya Karthik'),
  ('e1e2e3e4-0005-4000-8000-000000000001', 'a1b2c3d4-0001-4000-8000-000000000001', 'c1c2c3d4-0002-4000-8000-000000000001', '5B-001', 'Arun Rajan'),
  ('e1e2e3e4-0006-4000-8000-000000000001', 'a1b2c3d4-0001-4000-8000-000000000001', 'c1c2c3d4-0002-4000-8000-000000000001', '5B-002', 'Sneha Deepa'),
  ('e1e2e3e4-0007-4000-8000-000000000001', 'a1b2c3d4-0001-4000-8000-000000000001', 'c1c2c3d4-0002-4000-8000-000000000001', '5B-003', 'Vikram Anand'),
  ('e1e2e3e4-0008-4000-8000-000000000001', 'a1b2c3d4-0001-4000-8000-000000000001', 'c1c2c3d4-0003-4000-8000-000000000001', '6A-001', 'Nithya Venkat'),
  ('e1e2e3e4-0009-4000-8000-000000000001', 'a1b2c3d4-0001-4000-8000-000000000001', 'c1c2c3d4-0003-4000-8000-000000000001', '6A-002', 'Sanjay Kumar'),
  ('e1e2e3e4-0010-4000-8000-000000000001', 'a1b2c3d4-0001-4000-8000-000000000001', 'c1c2c3d4-0003-4000-8000-000000000001', '6A-003', 'Pooja Narayan')
ON CONFLICT (id) DO NOTHING;

-- ─── PARENT ↔ STUDENT LINKS ───────────────────
INSERT INTO parent_student_links (id, school_id, parent_id, student_id)
VALUES
  ('f1f2f3f4-0001-4000-8000-000000000001', 'a1b2c3d4-0001-4000-8000-000000000001', 'b1b2c3d4-0010-4000-8000-000000000001', 'e1e2e3e4-0001-4000-8000-000000000001'),
  ('f1f2f3f4-0002-4000-8000-000000000001', 'a1b2c3d4-0001-4000-8000-000000000001', 'b1b2c3d4-0010-4000-8000-000000000001', 'e1e2e3e4-0002-4000-8000-000000000001'),
  ('f1f2f3f4-0003-4000-8000-000000000001', 'a1b2c3d4-0001-4000-8000-000000000001', 'b1b2c3d4-0011-4000-8000-000000000001', 'e1e2e3e4-0002-4000-8000-000000000001'),
  ('f1f2f3f4-0004-4000-8000-000000000001', 'a1b2c3d4-0001-4000-8000-000000000001', 'b1b2c3d4-0012-4000-8000-000000000001', 'e1e2e3e4-0003-4000-8000-000000000001'),
  ('f1f2f3f4-0005-4000-8000-000000000001', 'a1b2c3d4-0001-4000-8000-000000000001', 'b1b2c3d4-0012-4000-8000-000000000001', 'e1e2e3e4-0010-4000-8000-000000000001'),
  ('f1f2f3f4-0006-4000-8000-000000000001', 'a1b2c3d4-0001-4000-8000-000000000001', 'b1b2c3d4-0013-4000-8000-000000000001', 'e1e2e3e4-0004-4000-8000-000000000001'),
  ('f1f2f3f4-0007-4000-8000-000000000001', 'a1b2c3d4-0001-4000-8000-000000000001', 'b1b2c3d4-0014-4000-8000-000000000001', 'e1e2e3e4-0006-4000-8000-000000000001'),
  ('f1f2f3f4-0008-4000-8000-000000000001', 'a1b2c3d4-0001-4000-8000-000000000001', 'b1b2c3d4-0014-4000-8000-000000000001', 'e1e2e3e4-0005-4000-8000-000000000001')
ON CONFLICT (id) DO NOTHING;

COMMIT;
